key	gene	phylop	logfc_c15_opc	logfc_c11_early_rg	logfc_c9_late_rg	logfc_c10_oligo_ipc	logfc_heart_control	abs_c15_opc	abs_c11_early_rg	abs_c9_late_rg	abs_c10_oligo_ipc	abs_heart_control	prog_max_abs	control_abs	label
chr1-46447030-G-A	LINC01398	5.8460	-0.8629	-2.7201	-1.7472	-1.1148	-1.0101	0.8629	2.7201	1.7472	1.1148	1.0101	2.7201	1.0101	broad
chr8-130749833-G-T	ENSR00000333478	8.2730	-1.0727	-1.9142	-2.5331	-1.2982	-1.0748	1.0727	1.9142	2.5331	1.2982	1.0748	2.5331	1.0748	broad
chr1-16621200-C-A	LOC105376794	3.7110	-1.1659	-2.3315	-1.7902	-1.2718	-0.7272	1.1659	2.3315	1.7902	1.2718	0.7272	2.3315	0.7272	broad
chr11-75445498-C-T	GDPD5	2.7980	-0.9063	-2.0750	-2.0077	-1.2772	-0.5853	0.9063	2.0750	2.0077	1.2772	0.5853	2.0750	0.5853	broad
chr22-33000876-C-T	SYN3	8.5830	-1.2443	-1.9749	-2.0089	-1.6424	-0.6570	1.2443	1.9749	2.0089	1.6424	0.6570	2.0089	0.6570	broad
chr12-72777973-T-G	ENSR00000462476	4.6000	-0.9071	-1.9170	-1.6042	-0.9776	-0.1309	0.9071	1.9170	1.6042	0.9776	0.1309	1.9170	0.1309	OPC-specific
chr5-10233678-G-T	ATPSCKMT	4.8170	-0.3485	-1.7415	-1.4037	-0.6051	-0.6902	0.3485	1.7415	1.4037	0.6051	0.6902	1.7415	0.6902	broad
chr15-59493061-C-A	FAM81A	6.4070	-0.6331	-1.0409	-1.7229	-0.7593	-0.4857	0.6331	1.0409	1.7229	0.7593	0.4857	1.7229	0.4857	broad
chrX-100447727-C-T	ENSR00000342434	4.3840	-0.4445	-1.7163	-0.9801	-0.7935	-0.5993	0.4445	1.7163	0.9801	0.7935	0.5993	1.7163	0.5993	broad
chr5-166596273-C-T	ENSR00000776601	4.9430	-0.3367	-1.5820	-1.1107	-0.3918	-0.5367	0.3367	1.5820	1.1107	0.3918	0.5367	1.5820	0.5367	broad
chr1-47726450-G-A	ENSR00000251690	6.9910	-0.7167	-1.5577	-1.2652	-1.0658	-0.8498	0.7167	1.5577	1.2652	1.0658	0.8498	1.5577	0.8498	broad
chr6-134074536-C-T	ENST00000663785	3.1060	-0.4685	-1.4242	-0.9912	-0.5989	-0.1774	0.4685	1.4242	0.9912	0.5989	0.1774	1.4242	0.1774	broad
chr9-108272246-G-A	LOC105376212	8.6620	-0.4224	-1.4187	-0.6974	-0.6369	-0.1139	0.4224	1.4187	0.6974	0.6369	0.1139	1.4187	0.1139	OPC-specific
chr3-62558742-G-T	CADPS	6.9930	-0.3457	-0.5779	-1.3388	-0.5453	-0.2930	0.3457	0.5779	1.3388	0.5453	0.2930	1.3388	0.2930	broad
chr1-48697284-G-T	AGBL4	8.7690	-0.6100	-0.7232	-1.3251	-0.6620	-0.2834	0.6100	0.7232	1.3251	0.6620	0.2834	1.3251	0.2834	broad
chr1-115748614-C-T	CASQ2	3.5940	-0.1667	-1.3078	-1.1666	-1.0410	-0.0910	0.1667	1.3078	1.1666	1.0410	0.0910	1.3078	0.0910	OPC-specific
chr2-218282661-G-A	TMBIM1	3.7750	-0.8314	-1.2612	-0.7010	-0.6641	-0.4160	0.8314	1.2612	0.7010	0.6641	0.4160	1.2612	0.4160	broad
chr5-108101414-C-A	FBXL17	5.7730	-0.1917	-1.0967	-0.6503	-0.3928	-0.1347	0.1917	1.0967	0.6503	0.3928	0.1347	1.0967	0.1347	OPC-specific
chr11-121072031-A-T	TBCEL	6.3210	-0.9021	-1.0583	-0.6614	-0.8912	-0.0073	0.9021	1.0583	0.6614	0.8912	0.0073	1.0583	0.0073	OPC-specific
chr6-105474324-C-G	LOC105377921	3.5000	-0.4294	-1.0318	-0.8731	-0.4635	-0.1299	0.4294	1.0318	0.8731	0.4635	0.1299	1.0318	0.1299	OPC-specific
chr2-199757647-G-A	FTCDNL1	8.0060	-0.5216	-1.0092	-0.6863	-0.6646	-0.6822	0.5216	1.0092	0.6863	0.6646	0.6822	1.0092	0.6822	broad
chr2-16227116-G-A	ENST00000439745	4.9080	-0.4481	-0.9652	-0.9937	-0.4196	-0.4459	0.4481	0.9652	0.9937	0.4196	0.4459	0.9937	0.4459	broad
chr2-213251724-C-T	ENSR00000295885	8.8410	-0.5112	-0.9682	-0.8606	-0.4712	-1.0183	0.5112	0.9682	0.8606	0.4712	1.0183	0.9682	1.0183	broad
chr12-116933153-C-T	FBXW8	5.8340	-0.3193	-0.9249	-0.6310	-0.4858	-0.4840	0.3193	0.9249	0.6310	0.4858	0.4840	0.9249	0.4840	broad
chr12-64946279-G-C	LINC02231	6.9980	-0.6766	-0.9107	-0.7147	-0.8089	-0.6762	0.6766	0.9107	0.7147	0.8089	0.6762	0.9107	0.6762	broad
chr22-37968014-G-A	POLR2F	8.7000	-0.7024	-0.6959	-0.5904	-0.8845	-0.0235	0.7024	0.6959	0.5904	0.8845	0.0235	0.8845	0.0235	OPC-specific
chr1-160307529-G-C	COPA	5.6290	0.2241	0.8041	0.8322	0.6007	0.3173	0.2241	0.8041	0.8322	0.6007	0.3173	0.8322	0.3173	broad
chr16-12252829-G-A	SNX29	3.0650	0.3324	0.7748	0.6976	0.4279	0.0292	0.3324	0.7748	0.6976	0.4279	0.0292	0.7748	0.0292	OPC-specific
chr10-78176856-G-A	LOC105378374	4.9260	-0.3122	-0.4539	-0.4945	-0.7483	-0.2400	0.3122	0.4539	0.4945	0.7483	0.2400	0.7483	0.2400	broad
chr11-40435197-A-C	LRRC4C	3.6410	-0.1627	-0.7335	-0.6741	-0.0886	-0.0536	0.1627	0.7335	0.6741	0.0886	0.0536	0.7335	0.0536	OPC-specific
chr20-49219427-C-T	DDX27	4.6490	-0.3378	-0.5696	-0.5103	-0.7149	-0.3703	0.3378	0.5696	0.5103	0.7149	0.3703	0.7149	0.3703	broad
chr14-101630753-C-T	LOC107984698	8.8290	-0.5110	-0.6908	-0.3911	-0.5260	-0.0269	0.5110	0.6908	0.3911	0.5260	0.0269	0.6908	0.0269	OPC-specific
chr14-67511073-G-A	TMEM229B	2.8390	-0.4416	-0.5518	-0.6846	-0.3965	-0.2101	0.4416	0.5518	0.6846	0.3965	0.2101	0.6846	0.2101	broad
chr10-74989360-C-T	KAT6B	2.6700	-0.2879	-0.6816	-0.5392	-0.1579	-0.0080	0.2879	0.6816	0.5392	0.1579	0.0080	0.6816	0.0080	OPC-specific
chr6-55869069-G-T	BMP5	2.2990	-0.4630	-0.6748	-0.1431	-0.3280	-0.1358	0.4630	0.6748	0.1431	0.3280	0.1358	0.6748	0.1358	OPC-specific
chr19-32340455-C-T	ENSR00000288073	4.7540	-0.3265	-0.6736	-0.5663	-0.5624	-0.5621	0.3265	0.6736	0.5663	0.5624	0.5621	0.6736	0.5621	broad
chr11-72631936-C-A	PDE2A	5.9130	-0.3114	-0.6687	-0.5039	-0.4650	-0.5261	0.3114	0.6687	0.5039	0.4650	0.5261	0.6687	0.5261	broad
chr3-193788591-C-A	LOC105374283	2.7520	-0.2298	-0.3666	-0.3492	-0.6340	-0.2550	0.2298	0.3666	0.3492	0.6340	0.2550	0.6340	0.2550	broad
chr20-43160154-T-A	PTPRT	6.3600	-0.2671	-0.6137	-0.2396	-0.3177	-0.0517	0.2671	0.6137	0.2396	0.3177	0.0517	0.6137	0.0517	OPC-specific
chr13-59398820-G-A	Unknown	4.6050	0.7683	0.5491	0.4425	0.6131	0.1020	0.7683	0.5491	0.4425	0.6131	0.1020	0.6131	0.1020	OPC-specific
chr1-9005302-G-A	SLC2A7	3.8350	-0.2805	-0.6048	-0.4193	-0.2320	-0.5238	0.2805	0.6048	0.4193	0.2320	0.5238	0.6048	0.5238	broad
chr3-42654894-T-A	ZBTB47	5.8110	-0.2187	-0.5993	-0.2286	-0.2071	-0.2271	0.2187	0.5993	0.2286	0.2071	0.2271	0.5993	0.2271	broad
chr2-41840947-C-T	ENSR00000603552	5.0090	-0.4186	-0.2412	-0.2037	-0.5954	-0.3082	0.4186	0.2412	0.2037	0.5954	0.3082	0.5954	0.3082	broad
chr2-48279606-A-G	LOC102724008	2.6700	-0.3054	-0.4904	-0.5814	-0.5277	-0.0340	0.3054	0.4904	0.5814	0.5277	0.0340	0.5814	0.0340	OPC-specific
chr16-53510635-C-G	LOC105371268	4.7580	-0.4896	-0.3965	-0.5737	-0.2892	-0.2312	0.4896	0.3965	0.5737	0.2892	0.2312	0.5737	0.2312	broad
chr1-101204015-C-A	ENSR00001170252	2.4130	-0.4036	-0.5718	-0.4862	-0.2969	-0.0735	0.4036	0.5718	0.4862	0.2969	0.0735	0.5718	0.0735	OPC-specific
chrX-129623064-T-G	ENSR00000914768	5.1700	-0.3088	0.1190	0.5481	-0.1528	0.1646	0.3088	0.1190	0.5481	0.1528	0.1646	0.5481	0.1646	broad
chr7-65038257-A-C	LOC105375330	4.9730	-0.4878	-0.3518	-0.3491	-0.5479	-0.4480	0.4878	0.3518	0.3491	0.5479	0.4480	0.5479	0.4480	broad
chr20-669845-C-T	SCRT2	8.8740	-0.1802	-0.5413	-0.4566	-0.4414	-0.4317	0.1802	0.5413	0.4566	0.4414	0.4317	0.5413	0.4317	broad
chr6-88367693-G-A	LOC105377885	2.3540	-0.5080	-0.5371	-0.3900	-0.4524	0.1836	0.5080	0.5371	0.3900	0.4524	0.1836	0.5371	0.1836	broad
chr7-32490375-G-A	LSM5	8.3530	-0.5490	-0.4307	-0.5285	-0.4959	-0.5678	0.5490	0.4307	0.5285	0.4959	0.5678	0.5285	0.5678	broad
chr18-79246710-G-A	ATP9B	4.3060	-0.2755	-0.4421	-0.5259	-0.3155	-0.2562	0.2755	0.4421	0.5259	0.3155	0.2562	0.5259	0.2562	broad
chrX-47659161-G-A	UXT	4.6810	-0.2332	-0.5246	-0.4499	-0.2706	-0.3138	0.2332	0.5246	0.4499	0.2706	0.3138	0.5246	0.3138	broad
chr19-3397698-G-A	NFIC	3.6560	-0.2592	-0.5140	-0.2635	-0.3318	0.0177	0.2592	0.5140	0.2635	0.3318	0.0177	0.5140	0.0177	OPC-specific
chr2-172333470-G-C	LOC107985960	5.8540	0.3064	0.5137	0.5026	0.3217	0.0449	0.3064	0.5137	0.5026	0.3217	0.0449	0.5137	0.0449	OPC-specific
chr6-108157821-T-G	OSTM1-AS1	6.2040	-0.4435	-0.2881	-0.2078	-0.4899	0.0629	0.4435	0.2881	0.2078	0.4899	0.0629	0.4899	0.0629	OPC-specific
chr14-96614717-A-G	ENSR00001202083	6.3140	-0.2479	-0.4237	-0.4869	-0.3284	-0.0085	0.2479	0.4237	0.4869	0.3284	0.0085	0.4869	0.0085	OPC-specific
chr1-66182739-G-A	PDE4B	5.7080	-0.3153	-0.4506	-0.4770	-0.3859	-0.1186	0.3153	0.4506	0.4770	0.3859	0.1186	0.4770	0.1186	OPC-specific
chr3-142987272-C-G	PAQR9-AS1	2.7280	-0.1843	-0.3755	-0.4764	-0.2833	-0.2746	0.1843	0.3755	0.4764	0.2833	0.2746	0.4764	0.2746	broad
chr3-172153482-C-G	FNDC3B	5.7870	-0.2594	-0.2882	-0.4731	-0.3816	-0.1399	0.2594	0.2882	0.4731	0.3816	0.1399	0.4731	0.1399	OPC-specific
chr1-231643235-T-A	DISC1	3.3160	-0.7768	-0.2168	-0.2446	-0.4671	0.0138	0.7768	0.2168	0.2446	0.4671	0.0138	0.4671	0.0138	OPC-specific
chr2-143668469-C-T	ARHGAP15	3.5730	-0.3250	-0.4555	-0.4193	-0.3409	-0.0444	0.3250	0.4555	0.4193	0.3409	0.0444	0.4555	0.0444	OPC-specific
chr5-51186086-C-T	ENSR00000754297	5.7230	0.2188	-0.3191	-0.4412	-0.0677	-0.0607	0.2188	0.3191	0.4412	0.0677	0.0607	0.4412	0.0607	OPC-specific
chr13-39765919-C-T	COG6	5.6930	-0.3914	-0.4411	-0.2880	-0.4410	-0.7458	0.3914	0.4411	0.2880	0.4410	0.7458	0.4411	0.7458	broad
chr9-125461420-T-C	MAPKAP1	6.3600	-0.2617	-0.4391	-0.1339	-0.4149	0.0661	0.2617	0.4391	0.1339	0.4149	0.0661	0.4391	0.0661	OPC-specific
chr4-129096366-T-G	C4orf33	3.0520	0.2205	0.4119	0.4298	0.4135	0.2915	0.2205	0.4119	0.4298	0.4135	0.2915	0.4298	0.2915	broad
chr22-37968995-G-A	POLR2F	4.1360	-0.2264	-0.4150	-0.3476	-0.2108	0.0103	0.2264	0.4150	0.3476	0.2108	0.0103	0.4150	0.0103	OPC-specific
chr19-34254563-G-T	GARRE1	6.2370	-0.3125	-0.1365	-0.2917	-0.4094	-0.3668	0.3125	0.1365	0.2917	0.4094	0.3668	0.4094	0.3668	broad
chr22-25142214-C-T	KIAA1671	2.9150	0.1748	-0.4074	-0.0110	0.1000	-0.0689	0.1748	0.4074	0.0110	0.1000	0.0689	0.4074	0.0689	OPC-specific
chr7-140479383-G-A	MKRN1	4.3990	-0.1983	-0.3764	-0.4063	-0.3098	-0.3916	0.1983	0.3764	0.4063	0.3098	0.3916	0.4063	0.3916	broad
chr10-103555398-C-T	NEURL1	2.9490	-0.1678	-0.4018	-0.2847	-0.3011	-0.1485	0.1678	0.4018	0.2847	0.3011	0.1485	0.4018	0.1485	OPC-specific
chr7-146852964-C-A	CNTNAP2	3.8220	-0.2359	-0.3898	-0.2082	-0.3057	-0.0317	0.2359	0.3898	0.2082	0.3057	0.0317	0.3898	0.0317	OPC-specific
chr17-56638759-G-C	ENSR00000096013	2.8550	-0.2820	-0.3893	-0.3060	-0.2694	-0.1232	0.2820	0.3893	0.3060	0.2694	0.1232	0.3893	0.1232	OPC-specific
chr1-84720447-G-C	ENSR00000926994	5.6990	0.1662	0.3849	0.1308	0.1576	0.0245	0.1662	0.3849	0.1308	0.1576	0.0245	0.3849	0.0245	OPC-specific
chr11-115519414-A-G	LOC105369511	2.5290	0.5211	0.2936	0.2116	0.3849	0.0137	0.5211	0.2936	0.2116	0.3849	0.0137	0.3849	0.0137	OPC-specific
chr6-14450208-G-C	LOC101928331	2.5760	-0.2172	-0.2714	-0.2370	-0.3848	-0.1520	0.2172	0.2714	0.2370	0.3848	0.1520	0.3848	0.1520	OPC-specific
chr14-30389762-C-T	ENSR00000493774	8.8940	-0.2222	-0.3761	-0.2187	-0.2687	0.0437	0.2222	0.3761	0.2187	0.2687	0.0437	0.3761	0.0437	OPC-specific
chr19-13151895-C-G	IER2	6.9450	-0.1757	-0.3022	-0.3750	-0.2931	-0.4385	0.1757	0.3022	0.3750	0.2931	0.4385	0.3750	0.4385	broad
chr11-115739414-C-T	LINC02698	3.0360	-0.1682	-0.2783	-0.2335	-0.3684	-0.0174	0.1682	0.2783	0.2335	0.3684	0.0174	0.3684	0.0174	OPC-specific
chr12-64946421-G-T	LINC02231	4.0080	-0.2565	-0.2196	-0.3682	-0.1219	0.0041	0.2565	0.2196	0.3682	0.1219	0.0041	0.3682	0.0041	OPC-specific
chr3-43273596-C-G	Unknown	4.0430	0.2108	0.2601	0.3424	0.3549	0.1492	0.2108	0.2601	0.3424	0.3549	0.1492	0.3549	0.1492	OPC-specific
chr12-49673683-G-A	FMNL3	5.8070	-0.1801	-0.3066	-0.3382	-0.1037	-0.4886	0.1801	0.3066	0.3382	0.1037	0.4886	0.3382	0.4886	broad
chr4-51844771-G-A	DCUN1D4	8.4940	-0.3412	-0.2920	-0.3355	-0.3166	-0.2835	0.3412	0.2920	0.3355	0.3166	0.2835	0.3355	0.2835	broad
chr7-13467363-T-G	LOC107986770	6.3460	0.3599	-0.0066	0.0959	0.3254	0.0848	0.3599	0.0066	0.0959	0.3254	0.0848	0.3254	0.0848	OPC-specific
chr1-232620638-C-T	SIPA1L2	5.0160	-0.2202	-0.3219	-0.2833	-0.3173	-0.2574	0.2202	0.3219	0.2833	0.3173	0.2574	0.3219	0.2574	broad
chr17-56129764-G-A	ANKFN1	6.9700	-0.2668	-0.1446	-0.3189	-0.1891	0.0062	0.2668	0.1446	0.3189	0.1891	0.0062	0.3189	0.0062	OPC-specific
chr1-120341030-C-T	LOC107985522	2.7020	-0.2243	-0.0425	0.0706	-0.3133	0.1509	0.2243	0.0425	0.0706	0.3133	0.1509	0.3133	0.1509	OPC-specific
chr7-111735866-G-A	DOCK4	4.9700	-0.4920	-0.0543	-0.1995	-0.3056	0.0503	0.4920	0.0543	0.1995	0.3056	0.0503	0.3056	0.0503	OPC-specific
chr17-46732854-A-G	NSF	3.5820	-0.2402	-0.3055	-0.2976	-0.0926	-0.0396	0.2402	0.3055	0.2976	0.0926	0.0396	0.3055	0.0396	OPC-specific
chr16-17369899-C-T	XYLT1	4.7170	-0.1711	-0.2526	-0.2965	-0.2899	0.0683	0.1711	0.2526	0.2965	0.2899	0.0683	0.2965	0.0683	OPC-specific
chr12-72777974-T-G	ENSR00000462476	6.2510	-0.2652	0.2942	-0.0700	-0.0627	0.0168	0.2652	0.2942	0.0700	0.0627	0.0168	0.2942	0.0168	OPC-specific
chr14-54627947-A-G	SAMD4A	2.3660	0.2295	0.2370	0.1459	0.2821	0.0266	0.2295	0.2370	0.1459	0.2821	0.0266	0.2821	0.0266	OPC-specific
chr9-68396665-A-C	PGM5	2.7530	0.3016	0.2807	0.1187	0.1949	0.0406	0.3016	0.2807	0.1187	0.1949	0.0406	0.2807	0.0406	OPC-specific
chrX-153650841-T-C	DUSP9	3.1630	-0.3483	-0.1513	-0.2798	-0.2579	0.0034	0.3483	0.1513	0.2798	0.2579	0.0034	0.2798	0.0034	OPC-specific
chr2-16227283-C-T	ENST00000439745	8.8800	-0.2265	-0.2728	-0.0823	-0.1961	-0.0507	0.2265	0.2728	0.0823	0.1961	0.0507	0.2728	0.0507	OPC-specific
chr6-75155185-C-T	COL12A1	2.5080	0.2202	0.2720	0.0417	0.0793	-0.0288	0.2202	0.2720	0.0417	0.0793	0.0288	0.2720	0.0288	OPC-specific
chr7-37007541-C-G	ELMO1	5.9770	-0.3151	-0.2586	-0.1816	-0.2698	-0.0656	0.3151	0.2586	0.1816	0.2698	0.0656	0.2698	0.0656	OPC-specific
chr1-110300824-C-T	RBM15-AS1	5.9130	-0.3778	-0.2696	-0.2195	-0.1089	-0.0797	0.3778	0.2696	0.2195	0.1089	0.0797	0.2696	0.0797	OPC-specific
chr20-3786726-G-A	CENPB	4.2240	0.2495	0.2241	0.2685	0.2317	0.3014	0.2495	0.2241	0.2685	0.2317	0.3014	0.2685	0.3014	broad
chr5-90191204-T-C	LINC01339	2.3330	-0.6189	-0.2032	-0.1992	-0.2674	0.0464	0.6189	0.2032	0.1992	0.2674	0.0464	0.2674	0.0464	OPC-specific
chr17-49470303-G-A	ENST00000576461	3.4990	-0.2148	-0.2421	-0.2129	-0.2647	-0.1827	0.2148	0.2421	0.2129	0.2647	0.1827	0.2647	0.1827	broad
chr16-641867-T-G	MCRIP2	5.7170	-0.2021	-0.2624	-0.0972	-0.1333	-0.3083	0.2021	0.2624	0.0972	0.1333	0.3083	0.2624	0.3083	broad
chr6-90369368-G-A	Unknown	2.4040	-0.1626	-0.2600	-0.0867	-0.1018	-0.1098	0.1626	0.2600	0.0867	0.1018	0.1098	0.2600	0.1098	OPC-specific
chr15-64134492-C-T	SNX1	3.2820	-0.2016	-0.1457	-0.1260	-0.2453	0.0113	0.2016	0.1457	0.1260	0.2453	0.0113	0.2453	0.0113	OPC-specific
chr7-114922278-G-A	MDFIC	4.5060	-0.1870	-0.2412	-0.1279	-0.2359	-0.1266	0.1870	0.2412	0.1279	0.2359	0.1266	0.2412	0.1266	OPC-specific
chr13-40490535-C-T	LINC00598	2.3060	-0.1988	-0.2070	-0.2407	-0.1704	-0.0016	0.1988	0.2070	0.2407	0.1704	0.0016	0.2407	0.0016	OPC-specific
chr6-141314096-G-T	Unknown	7.0400	-0.8601	-0.1272	0.0761	-0.2404	0.0310	0.8601	0.1272	0.0761	0.2404	0.0310	0.2404	0.0310	OPC-specific
chr2-176638323-C-A	LINC01117	8.8250	-0.2560	-0.2089	-0.2369	-0.1434	-0.4092	0.2560	0.2089	0.2369	0.1434	0.4092	0.2369	0.4092	broad
chr17-50200666-C-T	COL1A1	3.8800	-0.2066	-0.0837	-0.2319	-0.2151	-0.0670	0.2066	0.0837	0.2319	0.2151	0.0670	0.2319	0.0670	OPC-specific
chr8-110139082-T-C	ENSR00000865917	6.3600	-0.5020	-0.1080	-0.0553	-0.2287	-0.0980	0.5020	0.1080	0.0553	0.2287	0.0980	0.2287	0.0980	OPC-specific
chr3-182500511-C-T	LINC01995	3.3150	-0.2116	-0.1406	-0.1649	-0.2278	-0.0728	0.2116	0.1406	0.1649	0.2278	0.0728	0.2278	0.0728	OPC-specific
chr8-59264408-C-T	Unknown	4.9270	-0.2238	-0.1128	-0.1067	-0.2276	-0.0210	0.2238	0.1128	0.1067	0.2276	0.0210	0.2276	0.0210	OPC-specific
chrX-150508637-C-T	MAMLD1	2.6900	0.2388	0.2272	0.0361	0.1262	0.3161	0.2388	0.2272	0.0361	0.1262	0.3161	0.2272	0.3161	broad
chr5-54543565-G-T	SNX18	4.9420	-0.2062	-0.1889	-0.1481	-0.2206	-0.0258	0.2062	0.1889	0.1481	0.2206	0.0258	0.2206	0.0258	OPC-specific
chr10-88234518-G-C	LOC101929727	3.3780	0.3106	0.1194	0.1720	0.2166	0.0924	0.3106	0.1194	0.1720	0.2166	0.0924	0.2166	0.0924	OPC-specific
chr20-14915530-C-G	MACROD2	7.1070	-0.2813	-0.2130	-0.0853	-0.1635	-0.1998	0.2813	0.2130	0.0853	0.1635	0.1998	0.2130	0.1998	broad
chr2-196988216-G-A	ANKRD44	2.3320	-0.1931	-0.2121	-0.0439	-0.1007	-0.0791	0.1931	0.2121	0.0439	0.1007	0.0791	0.2121	0.0791	OPC-specific
chr9-73689691-G-A	Unknown	6.9990	-0.1639	-0.2040	-0.1779	-0.2115	-0.0378	0.1639	0.2040	0.1779	0.2115	0.0378	0.2115	0.0378	OPC-specific
chr20-32528285-C-T	NOL4L	7.0240	-0.1852	-0.1268	-0.1735	-0.2109	-0.1026	0.1852	0.1268	0.1735	0.2109	0.1026	0.2109	0.1026	OPC-specific
chrX-124218169-C-G	STAG2	4.5270	-0.3676	-0.1771	-0.1219	-0.2090	-0.0470	0.3676	0.1771	0.1219	0.2090	0.0470	0.2090	0.0470	OPC-specific
chr3-28056942-G-T	LINC01967	8.7960	-0.3205	-0.2039	-0.1115	-0.1555	-0.0924	0.3205	0.2039	0.1115	0.1555	0.0924	0.2039	0.0924	OPC-specific
chr9-16987210-A-T	ENST00000649137	2.3400	-0.1859	-0.1071	-0.0662	-0.2037	-0.0069	0.1859	0.1071	0.0662	0.2037	0.0069	0.2037	0.0069	OPC-specific
chr20-13492217-C-T	TASP1	4.2040	-0.5434	-0.2036	-0.1293	-0.0604	-0.0170	0.5434	0.2036	0.1293	0.0604	0.0170	0.2036	0.0170	OPC-specific
chr10-111647153-G-A	LOC105378486	3.0930	-0.2950	0.1257	-0.0866	-0.1959	-0.0017	0.2950	0.1257	0.0866	0.1959	0.0017	0.1959	0.0017	OPC-specific
chr1-48109586-C-T	LINC02794	4.0330	-0.1668	-0.1346	-0.1920	-0.1139	-0.2115	0.1668	0.1346	0.1920	0.1139	0.2115	0.1920	0.2115	broad
chr6-131427523-C-T	LOC105378005	2.9590	0.2525	0.1788	0.1881	0.1300	0.0634	0.2525	0.1788	0.1881	0.1300	0.0634	0.1881	0.0634	OPC-specific
chr1-178871299-T-G	RALGPS2	2.2990	-0.3783	-0.1859	-0.0800	-0.0875	-0.0278	0.3783	0.1859	0.0800	0.0875	0.0278	0.1859	0.0278	OPC-specific
chr14-54640636-G-T	SAMD4A	4.7680	0.2258	0.0991	0.1783	0.1720	0.2280	0.2258	0.0991	0.1783	0.1720	0.2280	0.1783	0.2280	broad
chr15-84500836-G-A	LOC112267869	2.8360	-0.2023	0.0223	-0.0694	-0.1767	-0.0696	0.2023	0.0223	0.0694	0.1767	0.0696	0.1767	0.0696	OPC-specific
chr9-16829218-G-A	BNC2	2.3960	-0.1935	-0.1730	-0.1064	-0.0780	-0.0272	0.1935	0.1730	0.1064	0.0780	0.0272	0.1730	0.0272	OPC-specific
chr1-91886030-C-T	TGFBR3	6.9120	0.2176	0.1725	0.1537	0.0636	0.1508	0.2176	0.1725	0.1537	0.0636	0.1508	0.1725	0.1508	OPC-specific
chr5-16849958-C-T	MYO10	6.9060	-0.2212	0.1153	-0.0784	-0.1707	-0.0172	0.2212	0.1153	0.0784	0.1707	0.0172	0.1707	0.0172	OPC-specific
chr14-33788719-A-G	NPAS3	4.6790	-0.7104	-0.1663	0.1091	-0.1642	0.0133	0.7104	0.1663	0.1091	0.1642	0.0133	0.1663	0.0133	OPC-specific
chr5-104965230-C-T	ENST00000503650	4.5800	-0.2565	-0.1395	-0.1481	-0.1623	0.1056	0.2565	0.1395	0.1481	0.1623	0.1056	0.1623	0.1056	OPC-specific
chr7-105933219-C-G	CDHR3	4.5660	0.3304	-0.0434	-0.1610	0.0237	0.0177	0.3304	0.0434	0.1610	0.0237	0.0177	0.1610	0.0177	weak
chr13-78537848-C-T	OBI1-AS1	7.1450	-0.1898	0.1481	0.0070	-0.0467	-0.0044	0.1898	0.1481	0.0070	0.0467	0.0044	0.1481	0.0044	weak
chr3-177516695-T-C	LINC00578	4.7030	-0.2379	-0.1214	-0.1399	-0.0703	-0.0143	0.2379	0.1214	0.1399	0.0703	0.0143	0.1399	0.0143	weak
chr9-16626986-G-A	BNC2	7.0050	0.3480	0.1179	0.0620	0.1389	0.0204	0.3480	0.1179	0.0620	0.1389	0.0204	0.1389	0.0204	weak
chr11-36196158-G-A	LDLRAD3	5.6840	-0.2595	0.0618	0.0159	-0.1314	-0.0936	0.2595	0.0618	0.0159	0.1314	0.0936	0.1314	0.0936	weak
chr2-231015855-C-G	SPATA3	5.1280	0.1780	-0.0311	0.1303	0.0012	0.0356	0.1780	0.0311	0.1303	0.0012	0.0356	0.1303	0.0356	weak
chr13-98333680-C-G	FARP1	8.6390	-1.1635	-0.1032	-0.0178	-0.1271	-0.0942	1.1635	0.1032	0.0178	0.1271	0.0942	0.1271	0.0942	weak
chr7-132677959-G-A	FLJ40288	3.9880	-0.2965	0.1253	0.0376	0.0176	0.2592	0.2965	0.1253	0.0376	0.0176	0.2592	0.1253	0.2592	broad
chr3-3705293-A-G	LOC100130207	4.5600	-0.2144	0.1237	0.0499	0.0265	0.0019	0.2144	0.1237	0.0499	0.0265	0.0019	0.1237	0.0019	weak
chr11-48104480-A-G	PTPRJ	4.6020	0.1886	0.0547	0.0314	0.1237	-0.9959	0.1886	0.0547	0.0314	0.1237	0.9959	0.1237	0.9959	broad
chr10-77038028-C-T	KCNMA1	3.3880	0.1646	0.1220	0.0771	0.0146	-0.0057	0.1646	0.1220	0.0771	0.0146	0.0057	0.1220	0.0057	weak
chr3-181317760-C-T	SOX2-OT	3.5380	0.2588	-0.0043	-0.0797	0.1168	-0.0187	0.2588	0.0043	0.0797	0.1168	0.0187	0.1168	0.0187	weak
chr11-121742105-C-A	ENST00000652518	4.1660	0.1806	0.0165	-0.1159	0.0988	-0.0971	0.1806	0.0165	0.1159	0.0988	0.0971	0.1159	0.0971	weak
chr1-74964599-C-T	ENST00000438619	8.8770	-0.1887	-0.1102	-0.0650	-0.0682	-0.0807	0.1887	0.1102	0.0650	0.0682	0.0807	0.1102	0.0807	weak
chr8-26010397-C-A	EBF2	2.4260	0.1825	0.0662	0.0088	0.1071	-0.0057	0.1825	0.0662	0.0088	0.1071	0.0057	0.1071	0.0057	weak
chr4-107375022-A-G	Unknown	2.3330	0.1651	0.0840	0.0966	0.0990	0.0263	0.1651	0.0840	0.0966	0.0990	0.0263	0.0990	0.0263	weak
chr6-164010768-T-C	LOC105378102	2.2750	0.2787	0.0941	0.0602	0.0858	0.0573	0.2787	0.0941	0.0602	0.0858	0.0573	0.0941	0.0573	weak
chr15-69489323-C-T	DRAIC	2.4890	-0.1807	0.0899	-0.0480	-0.0928	0.0463	0.1807	0.0899	0.0480	0.0928	0.0463	0.0928	0.0463	weak
chr4-158775606-C-T	FNIP2	2.7430	-0.2347	-0.0753	-0.0319	-0.0923	0.0159	0.2347	0.0753	0.0319	0.0923	0.0159	0.0923	0.0159	weak
chr1-120015197-C-A	NOTCH2	8.8950	-0.3324	-0.0807	-0.0327	-0.0791	-0.0212	0.3324	0.0807	0.0327	0.0791	0.0212	0.0807	0.0212	weak
chr9-14869139-C-T	FREM1	2.9320	-0.1932	-0.0001	0.0747	-0.0662	-0.0121	0.1932	0.0001	0.0747	0.0662	0.0121	0.0747	0.0121	weak
chr7-91137381-C-T	CDK14	6.9570	-0.1649	-0.0743	-0.0299	-0.0502	0.0614	0.1649	0.0743	0.0299	0.0502	0.0614	0.0743	0.0614	weak
chr22-41964348-G-A	ENSR00000672906	2.5520	0.3741	-0.0043	0.0279	0.0736	0.0187	0.3741	0.0043	0.0279	0.0736	0.0187	0.0736	0.0187	weak
chrX-118216804-T-C	Unknown	2.7000	-0.1934	-0.0302	-0.0724	0.0236	0.1135	0.1934	0.0302	0.0724	0.0236	0.1135	0.0724	0.1135	weak
chr14-80378089-T-C	DIO2-AS1	3.7510	-0.2022	-0.0624	-0.0072	-0.0607	0.0145	0.2022	0.0624	0.0072	0.0607	0.0145	0.0624	0.0145	weak
chr14-68791314-G-A	ZFP36L1	4.0080	-0.2239	-0.0382	-0.0470	-0.0584	0.1224	0.2239	0.0382	0.0470	0.0584	0.1224	0.0584	0.1224	weak
chr9-134438332-G-A	RXRA	4.2530	-0.1953	0.0102	-0.0153	-0.0577	-0.0041	0.1953	0.0102	0.0153	0.0577	0.0041	0.0577	0.0041	weak
chr2-143608014-G-A	ARHGAP15	5.7990	-0.2274	-0.0484	-0.0092	-0.0064	0.0014	0.2274	0.0484	0.0092	0.0064	0.0014	0.0484	0.0014	weak
chr11-125235298-C-T	PKNOX2	4.0190	0.2235	-0.0436	-0.0113	0.0284	-0.0835	0.2235	0.0436	0.0113	0.0284	0.0835	0.0436	0.0835	weak
chr18-56067406-G-T	LINC01905	5.8970	0.2112	0.0041	0.0049	0.0224	0.0136	0.2112	0.0041	0.0049	0.0224	0.0136	0.0224	0.0136	weak
