key	host_gene	cls	logfc	direction	phylop	in_se	nearest_tss_gene	pl_top_gene	pl_top_dist	pl_ratio	hic_top_gene	hic_top_dist	hic_top_obsexp	hic_ratio	hic_eq_pl	hic_eq_nearest	eqtl_hic_n	eqtl_hic_ntis	eqtl_hic_bestp	tier
chr1-9005302-G-A	SLC2A7	Intron	-0.2805	loss	3.8350000381469727	0	SLC2A7	SLC2A7	21244	1.44	SLC2A7	21244	1.158	1.74	True	True	0	0		HOST-CONFIRMED
chr1-16621200-C-A	LOC105376794	RNA	-1.1659	loss	3.7109999656677246	0	ENSG00000271732	ENSG00000271732	3779	1.39	CROCCP2	23516	1.125	1.68	False	False	0	0		AMBIGUOUS
chr1-46447030-G-A	LINC01398	RNA	-0.8629	loss	5.8460001945495605	0	LINC01398	LINC01398	4251	1.98	ENSG00000291138	13239	0.89	1.36	False	False	0	0		AMBIGUOUS
chr1-47726450-G-A	ENSR00000251690	IGR	-0.7167	loss	6.991000175476074	0	LINC01738	ENSG00000223814	39208	1.42	ENSG00000223814	39208	1.224	1.51	True	False	0	0		AMBIGUOUS
chr1-48109586-C-T	LINC02794	Intron	-0.1668	loss	4.0329999923706055	0	ENSG00000231413	ENSG00000231413	27496	1.07	ENSG00000231413	27496	0.753	1.04	True	True	0	0		AMBIGUOUS
chr1-48697284-G-T	AGBL4	Intron	-0.61	loss	8.769000053405762	0	BEND5	ENSG00000229846	328325	1.07	AGBL4-AS1	560141	2.182	1.58	False	False	0	0		LOOP-ONLY
chr1-66182739-G-A	PDE4B	Intron	-0.3153	loss	5.708000183105469	0	PDE4B-AS1	PDE4B-AS1	132175	2.04	PDE4B-AS1	132175	1.646	2.62	True	True	0	0		AMBIGUOUS
chr1-74964599-C-T	ENST00000438619	Intron	-0.1887	loss	8.876999855041504	0	ENSG00000229943	ENSG00000229943	1403	19.9	ENSG00000229943	1403		6.33	True	True	0	0		AMBIGUOUS
chr1-84720447-G-C	ENSR00000926994	IGR	0.1662	gain	5.698999881744385	0	SSX2IP	SSX2IP	29625	1.57	SSX2IP	29625	1.331	2.62	True	True	0	0		AMBIGUOUS
chr1-91886030-C-T	TGFBR3	5'UTR	0.2176	gain	6.9120001792907715	0	TGFBR3	TGFBR3	20295	2.11	TGFBR3	20295	0.619	2.34	True	True	0	0		HOST-CONFIRMED
chr1-101204015-C-A	ENSR00001170252	IGR	-0.4036	loss	2.413000106811523	0	S1PR1-DT	S1PR1-DT	32434	1.01	S1PR1-DT	32434	1.543	1.0	True	True	0	0		AMBIGUOUS
chr1-110300824-C-T	RBM15-AS1	Intron	-0.3778	loss	5.913000106811523	0	RBM15	LAMTOR5-AS1	46422	1.01	KCNC4	90380	3.565	1.0	False	False	0	0		LOOP-ONLY
chr1-115748614-C-T	CASQ2	Intron	-0.1667	loss	3.5940001010894775	0	CASQ2	CASQ2	20172	4.79	CASQ2	20172	1.083	3.04	True	True	0	0		HOST-CONFIRMED
chr1-120015197-C-A	NOTCH2	Intron	-0.3324	loss	8.895000457763672	0	ENSG00000273406	ADAM30	118533	1.15	ENSG00000273406	61568	1.886	1.0	False	True	0	0		AMBIGUOUS
chr1-120341030-C-T	LOC107985522	Intron	-0.2243	loss	2.7019999027252197	0	ENSG00000290569	ENSG00000290569	596	11.52	HMGCS2	572370	11.001	1.02	False	False	0	0		LOOP-ONLY
chr1-160307529-G-C	COPA	Intron	0.2241	gain	5.629000186920166	0	PEX19	PEX19	21142	1.05	PEX19	21142	1.263	1.0	True	True	0	0		AMBIGUOUS
chr1-178871299-T-G	RALGPS2	Intron	-0.3783	loss	2.299000024795532	0	ANGPTL1	ANGPTL1	123	28.89	ANGPTL1	123		6.06	True	True	2	1	6.58371e-05	TRIANGULATED
chr1-231643235-T-A	DISC1	Intron	-0.7768	loss	3.315999984741211	0	DISC1	DISC1	16425	1.25	DISC1	16425		1.23	True	True	0	0		HOST-CONFIRMED
chr1-232620638-C-T	SIPA1L2	Intron	-0.2202	loss	5.015999794006348	1	SIPA1L2	SIPA1L2	9999	2.6	SIPA1L2	9999		2.53	True	True	0	0		HOST-CONFIRMED
chr10-74989360-C-T	KAT6B	Intron	-0.2879	loss	2.6700000762939453	0	ENSG00000227186	ENSG00000227186	34880	1.02	ENSG00000227186	34880	0.946	1.0	True	True	0	0		AMBIGUOUS
chr10-77038028-C-T	KCNMA1	Intron	0.1646	gain	3.388000011444092	0	KCNMA1-AS2	KCNMA1-AS1	149735	2.41	KCNMA1-AS1	149735	0.885	1.48	True	False	0	0		AMBIGUOUS
chr10-78176856-G-A	LOC105378374	RNA	-0.3122	loss	4.926000118255615	1	ENSG00000283096	ENSG00000283096	426	1.01	ENSG00000283096	426		1.0	True	True	0	0		AMBIGUOUS
chr10-88234518-G-C	LOC101929727	Intron	0.3106	gain	3.378000020980835	1	ENSG00000288875	ENSG00000288875	130032	2.56	ENSG00000288875	130032	1.188	2.27	True	True	0	0		AMBIGUOUS
chr10-103555398-C-T	NEURL1	Intron	-0.1678	loss	2.9489998817443848	0	ENSG00000226431	ENSG00000226431	6089	3.03	ENSG00000287419	28523	1.986	1.06	False	False	0	0		AMBIGUOUS
chr10-111647153-G-A	LOC105378486	Intron	-0.295	loss	3.0929999351501465	0	ENSG00000227851	ENSG00000227851	294986	1.58	ENSG00000227851	294986	1.443	1.44	True	True	0	0		AMBIGUOUS
chr11-36196158-G-A	LDLRAD3	Intron	-0.2595	loss	5.684000015258789	1	COMMD9	ENSG00000254566	127063	1.2	ENSG00000254566	127063	1.098	1.55	True	False	0	0		AMBIGUOUS
chr11-40435197-A-C	LRRC4C	Intron	-0.1627	loss	3.6410000324249263	0	ENSG00000255132	ENSG00000255132	959418	inf	ENSG00000255132	959418	1.109	inf	True	True	0	0		AMBIGUOUS
chr11-48104480-A-G	PTPRJ	Intron	0.1886	gain	4.6020002365112305	1	PTPRJ-AS1	OR4B1	112212	1.12	PTPRJ	124173	2.662	1.13	False	False	0	0		LOOP-ONLY
chr11-72631936-C-A	PDE2A	Intron	-0.3114	loss	5.913000106811523	1	PDE2A-AS1	PDE2A-AS1	11212	1.99	PDE2A-AS1	11212		1.22	True	True	0	0		AMBIGUOUS
chr11-75445498-C-T	GDPD5	Intron	-0.9063	loss	2.7980000972747803	0	KLHL35	KLHL35	12356	3.47	GDPD5	80382	3.488	1.04	False	False	0	0		LOOP-ONLY
chr11-115519414-A-G	LOC105369511	Intron	0.5211	gain	2.5290000438690186	0	ENSG00000256281	ENSG00000256281	13631	1.52	ENSG00000256281	13631		2.04	True	True	0	0		AMBIGUOUS
chr11-115739414-C-T	LINC02698	Intron	-0.1682	loss	3.0360000133514404	0	ENSG00000288020	ENSG00000288020	4514	3.79	ENSG00000288020	4514		1.15	True	True	0	0		AMBIGUOUS
chr11-121072031-A-T	TBCEL	Intron	-0.9021	loss	6.321000099182129	0	TECTA	TECTA	29326	2.04	TECTA	29326	0.989	1.25	True	True	0	0		AMBIGUOUS
chr11-121742105-C-A	ENST00000652518	Intron	0.1806	gain	4.165999889373779	1	ENSG00000286044	ENSG00000286044	67890	2.23	MIR100HG	814570	3.203	1.24	False	False	0	0		LOOP-ONLY
chr11-125235298-C-T	PKNOX2	Intron	0.2235	gain	4.019000053405762	1	ENSG00000254932	ENSG00000254932	31640	1.33	ENSG00000254932	31640	1.309	1.33	True	True	0	0		AMBIGUOUS
chr12-49673683-G-A	FMNL3	Intron	-0.1801	loss	5.807000160217285	0	TMBIM6	TMBIM6	34123	1.01	TMBIM6	34123	1.651	1.0	True	True	0	0		AMBIGUOUS
chr12-64946279-G-C	LINC02231	Intron	-0.6766	loss	6.998000144958496	0	LINC02231	LINC02231	36084	1.59	LINC02231	36084	1.239	1.76	True	True	0	0		HOST-CONFIRMED
chr12-64946421-G-T	LINC02231	Intron	-0.2565	loss	4.007999897003174	0	LINC02231	LINC02231	36084	1.59	LINC02231	36084	1.239	1.76	True	True	0	0		HOST-CONFIRMED
chr12-72777973-T-G	ENSR00000462476	IGR	-0.9071	loss	4.599999904632568	0	ENSG00000258235	ENSG00000258235	49171	2.44	LINC02444	381175	1.046	1.21	False	False	0	0		AMBIGUOUS
chr12-72777974-T-G	ENSR00000462476	IGR	-0.2652	loss	6.250999927520752	0	ENSG00000258235	ENSG00000258235	49171	2.44	LINC02444	381175	1.046	1.21	False	False	0	0		AMBIGUOUS
chr12-116933153-C-T	FBXW8	Intron	-0.3193	loss	5.834000110626221	0	ENSG00000274554	ENSG00000274554	18068	1.37	ENSG00000274554	18068		1.52	True	True	0	0		AMBIGUOUS
chr13-39765919-C-T	COG6	Intron	-0.3914	loss	5.692999839782715	0	COG6	COG6	110652	1.62	FOXO1	900362	5.953	1.83	False	False	0	0		LOOP-ONLY
chr13-40490535-C-T	LINC00598	Intron	-0.1988	loss	2.305999994277954	0	LINC00598	LINC00598	45241	2.01	LINC00598	45241	1.132	1.91	True	True	0	0		HOST-CONFIRMED
chr13-59398820-G-A	Unknown	IGR	0.7683	gain	4.605000019073486	0	ENSG00000288015	ENSG00000288015	168329	1.2	LINC00434	815981	1.669	1.15	False	False	0	0		AMBIGUOUS
chr13-78537848-C-T	OBI1-AS1	Intron	-0.1898	loss	7.144999980926514	0	ENSG00000271776	ENSG00000271776	58277	1.2	ENSG00000235625	260338	1.35	1.08	False	False	0	0		AMBIGUOUS
chr13-98333680-C-G	FARP1	Intron	-1.1635	loss	8.638999938964844	0	ENSG00000269599	ENSG00000269599	496	6.88	ENSG00000269599	496		2.2	True	True	0	0		AMBIGUOUS
chr14-30389762-C-T	ENSR00000493774	IGR	-0.2222	loss	8.894000053405762	0	ENSG00000248975	ENSG00000248975	92583	1.43	ENSG00000248975	92583	1.366	1.06	True	True	0	0		AMBIGUOUS
chr14-33788719-A-G	NPAS3	Intron	-0.7104	loss	4.678999900817871	1	ENSG00000287777	ENSG00000287777	105565	1.84	ENSG00000287777	105565	0.964	1.02	True	True	0	0		AMBIGUOUS
chr14-54627947-A-G	SAMD4A	Intron	0.2295	gain	2.365999937057495	1	SAMD4A	SAMD4A	61773	1.35	SAMD4A-AS1	101434	1.912	1.24	False	False	0	0		AMBIGUOUS
chr14-54640636-G-T	SAMD4A	Intron	0.2258	gain	4.76800012588501	1	SAMD4A	SAMD4A	74638	1.02	SAMD4A	74638	1.314	1.06	True	True	0	0		HOST-CONFIRMED
chr14-67511073-G-A	TMEM229B	Intron	-0.4416	loss	2.8389999866485596	0	PLEKHH1	PLEKHH1	22272	1.02	PLEKHH1	22272	1.021	1.0	True	True	0	0		AMBIGUOUS
chr14-68791314-G-A	ZFP36L1	Intron	-0.2239	loss	4.007999897003174	1	ENSG00000289626	ZFP36L1	4833	1.01	ZFP36L1	4833		1.0	True	False	0	0		HOST-CONFIRMED
chr14-80378089-T-C	DIO2-AS1	Intron	-0.2022	loss	3.750999927520752	0	DIO2	DIO2	9399	5.93	DIO2	9399		2.04	True	True	0	0		AMBIGUOUS
chr14-96614717-A-G	ENSR00001202083	IGR	-0.2479	loss	6.314000129699707	0	ENSG00000258702	ENSG00000258702	22244	1.52	ENSG00000258702	22244	1.104	1.21	True	True	10	5	1.1041e-07	TRIANGULATED
chr14-101630753-C-T	LOC107984698	Intron	-0.511	loss	8.829000473022461	0	ENSG00000258919	ENSG00000258919	1776	1.49	ENSG00000258919	1776		1.62	True	True	0	0		AMBIGUOUS
chr15-59493061-C-A	FAM81A	Intron	-0.6331	loss	6.4070000648498535	0	GCNT3	GCNT3	101841	1.99	ENSG00000259402	677762	2.761	1.17	False	False	0	0		LOOP-ONLY
chr15-64134492-C-T	SNX1	Intron	-0.2016	loss	3.2820000648498535	1	SNX22	SNX22	17178	1.35	SNX22	17178	0.577	1.05	True	True	0	0		AMBIGUOUS
chr15-69489323-C-T	DRAIC	Intron	-0.1807	loss	2.489000082015991	0	DRAIC	DRAIC	26358	1.05	DRAIC	26358	0.655	1.0	True	True	0	0		HOST-CONFIRMED
chr15-84500836-G-A	LOC112267869	RNA	-0.2023	loss	2.8359999656677246	0	ENSG00000259551	ENSG00000259551	279	1.65	GOLGA6L4	264884	0.0	1.0	False	False	0	0		AMBIGUOUS
chr16-641867-T-G	MCRIP2	5'UTR	-0.2021	loss	5.7170000076293945	0	MCRIP2	MCRIP2	5010	1.07	WFIKKN1	12588	1.152	1.2	False	False	0	0		AMBIGUOUS
chr16-12252829-G-A	SNX29	Intron	0.3324	gain	3.065000057220459	1	ENSG00000261394	ENSG00000260723	120042	1.0	ENSG00000260723	120042	1.629	1.0	True	False	0	0		AMBIGUOUS
chr16-17369899-C-T	XYLT1	Intron	-0.1711	loss	4.7170000076293945	1	ENSG00000286849	ENSG00000286849	35517	1.76	ENSG00000287905	757783	6.971	1.51	False	False	0	0		LOOP-ONLY
chr16-53510635-C-G	LOC105371268	RNA	-0.4896	loss	4.757999897003174	0	AKTIP	AKTIP	6145	1.01	AKTIP	6145		2.26	True	True	59	9	1.71823e-15	TRIANGULATED
chr17-46732854-A-G	NSF	Intron	-0.2402	loss	3.5820000171661377	0	WNT3	WNT3	100145	1.0	GOSR2-DT	190025	1.349	1.0	False	False	0	0		AMBIGUOUS
chr17-49470303-G-A	ENST00000576461	Intron	-0.2148	loss	3.499000072479248	0	LINC02075	LINC02075	8369	2.48	LINC02075	8369		1.49	True	True	0	0		AMBIGUOUS
chr17-50200666-C-T	COL1A1	Intron	-0.2066	loss	3.880000114440918	1	COL1A1	COL1A1	764	1.01	TMEM92-AS1	86987	4.055	1.06	False	False	0	0		LOOP-ONLY
chr17-56129764-G-A	ANKFN1	Intron	-0.2668	loss	6.96999979019165	0	ANKFN1	ANKFN1	247724	1.1	ANKFN1	247724	0.648	1.0	True	True	8	1	1.42134e-05	HOST-CONFIRMED
chr17-56638759-G-C	ENSR00000096013	IGR	-0.282	loss	2.8550000190734863	0	NOG	NOG	45129	2.57	NOG	45129	0.878	1.44	True	True	0	0		AMBIGUOUS
chr18-56067406-G-T	LINC01905	Intron	0.2112	gain	5.896999835968018	1	ENSG00000267399	ENSG00000267399	4327	4.56	ENSG00000267399	4327		1.91	True	True	0	0		AMBIGUOUS
chr18-79246710-G-A	ATP9B	Intron	-0.2755	loss	4.306000232696533	1	ENSG00000267628	ENSG00000267628	8159	2.71	ENSG00000267628	8159		1.29	True	True	0	0		AMBIGUOUS
chr19-3397698-G-A	NFIC	Intron	-0.2592	loss	3.6559998989105225	1	SMIM24	SMIM24	82827	1.01	NFIC	83295	1.156	1.1	False	False	0	0		AMBIGUOUS
chr19-13151895-C-G	IER2	Intron	-0.1757	loss	6.945000171661377	1	ENSG00000287296	STX10	1539	1.0	STX10	1539		1.0	True	False	0	0		AMBIGUOUS
chr19-32340455-C-T	ENSR00000288073	IGR	-0.3265	loss	4.754000186920166	0	ZNF507	ZNF507	5138	6.72	ZNF507	5138		2.09	True	True	28	3	1.24808e-08	TRIANGULATED
chr19-34254563-G-T	GARRE1	5'UTR	-0.3125	loss	6.236999988555908	0	GARRE1	GARRE1	112	12.23	GARRE1	112		3.85	True	True	0	0		HOST-CONFIRMED
chr2-16227116-G-A	ENST00000439745	RNA	-0.4481	loss	4.9079999923706055	0	ENSG00000231266	ENSG00000231266	948	1.08	ENSG00000226041	24816	1.114	1.09	False	False	0	0		AMBIGUOUS
chr2-16227283-C-T	ENST00000439745	RNA	-0.2265	loss	8.880000114440918	0	ENSG00000231266	ENSG00000231266	948	1.08	ENSG00000226041	24816	1.114	1.09	False	False	0	0		AMBIGUOUS
chr2-41840947-C-T	ENSR00000603552	IGR	-0.4186	loss	5.008999824523926	0	LINC01913	LINC01913	19001	1.74	ENSG00000287145	125021	0.649	1.1	False	False	0	0		AMBIGUOUS
chr2-48279606-A-G	LOC102724008	Intron	-0.3054	loss	2.6700000762939453	0	ENSG00000230773	ENSG00000230773	34701	1.01	ENSG00000230773	34701	1.182	1.0	True	True	0	0		AMBIGUOUS
chr2-143608014-G-A	ARHGAP15	Intron	-0.2274	loss	5.798999786376953	0	ENSG00000283994	ENSG00000283994	6389	1.17	ENSG00000283994	6389		1.0	True	True	0	0		AMBIGUOUS
chr2-143668469-C-T	ARHGAP15	Intron	-0.325	loss	3.572999954223633	0	ARHGAP15-AS1	ARHGAP15-AS1	12307	3.0	ARHGAP15-AS1	12307		2.19	True	True	0	0		AMBIGUOUS
chr2-172333470-G-C	LOC107985960	Intron	0.3064	gain	5.854000091552734	0	ENSG00000286557	ENSG00000286557	2808	11.72	ENSG00000286557	2808		3.93	True	True	0	0		AMBIGUOUS
chr2-176638323-C-A	LINC01117	Intron	-0.256	loss	8.824999809265137	1	LINC01116	LINC01116	306	12.46	HOXD8	508543	13.565	1.37	False	False	0	0		LOOP-ONLY
chr2-196988216-G-A	ANKRD44	3'UTR	-0.1931	loss	2.3320000171661377	1	PGAP1	PGAP1	60321	1.43	PGAP1	60321	1.892	1.76	True	True	0	0		AMBIGUOUS
chr2-199757647-G-A	FTCDNL1	Intron	-0.5216	loss	8.005999565124512	0	FTCDNL1	ENSG00000225421	985347	1.03	FTCDNL1	93489	1.965	1.46	False	True	9	1	2.1486700000000002e-23	AMBIGUOUS
chr2-213251724-C-T	ENSR00000295885	IGR	-0.5112	loss	8.840999603271484	0	ENSG00000272519	ENSG00000272519	24421	1.74	ENSG00000272519	24421	0.549	1.0	True	True	0	0		AMBIGUOUS
chr2-218282661-G-A	TMBIM1	Intron	-0.8314	loss	3.775000095367432	0	TMBIM1	TMBIM1	9903	1.27	TMBIM1	9903		1.92	True	True	0	0		HOST-CONFIRMED
chr2-231015855-C-G	SPATA3	Intron	0.178	gain	5.127999782562256	0	SPATA3-AS1	SPATA3-AS1	19795	1.37	C2orf72	21696	1.273	1.12	False	False	0	0		AMBIGUOUS
chr20-669845-C-T	SCRT2	Intron	-0.1802	loss	8.87399959564209	0	ENSG00000270299	ENSG00000270299	5976	1.0	ENSG00000270299	5976		1.0	True	True	0	0		AMBIGUOUS
chr20-3786726-G-A	CENPB	5'UTR	0.2495	gain	4.223999977111816	0	CENPB	SPEF1	5105	1.0	LINC01730	21804	1.248	1.06	False	False	0	0		AMBIGUOUS
chr20-13492217-C-T	TASP1	Intron	-0.5434	loss	4.203999996185303	0	ENSG00000278153	ENSG00000278153	123493	2.91	ENSG00000278153	123493	0.765	1.29	True	True	0	0		AMBIGUOUS
chr20-14915530-C-G	MACROD2	Intron	-0.2813	loss	7.10699987411499	0	MACROD2-AS1	MACROD2-AS1	13933	1.17	MACROD2-AS1	13933	0.772	1.0	True	True	0	0		AMBIGUOUS
chr20-32528285-C-T	NOL4L	Intron	-0.1852	loss	7.02400016784668	1	ENSG00000277301	ENSG00000277301	18311	1.66	ENSG00000233293	32823	2.985	2.39	False	False	0	0		LOOP-ONLY
chr20-43160154-T-A	PTPRT	Intron	-0.2671	loss	6.360000133514404	0	PTPRT	PTPRT	29835	1.0	PTPRT	29835	0.78	1.0	True	True	0	0		HOST-CONFIRMED
chr20-49219427-C-T	DDX27	5'UTR	-0.3378	loss	4.64900016784668	0	DDX27	DDX27	3	4.84	DDX27	3		1.56	True	True	0	0		HOST-CONFIRMED
chr22-25142214-C-T	KIAA1671	Intron	0.1748	gain	2.9149999618530273	0	KIAA1671-AS1	CRYBB3	57622	1.21	KIAA1671-AS1	29544	1.284	2.21	False	True	0	0		AMBIGUOUS
chr22-33000876-C-T	SYN3	Intron	-1.2443	loss	8.583000183105469	0	SYN3	ENSG00000228622	105328	1.0	ENSG00000239674	859464	8.016	1.15	False	False	0	0		LOOP-ONLY
chr22-37968014-G-A	POLR2F	3'UTR	-0.7024	loss	8.699999809265137	1	C22orf23	C22orf23	14498	1.06	SOX10	19255	0.79	1.02	False	False	0	0		AMBIGUOUS
chr22-37968995-G-A	POLR2F	3'UTR	-0.2264	loss	4.136000156402588	1	C22orf23	C22orf23	15295	1.06	SOX10	18458	0.79	1.02	False	False	0	0		AMBIGUOUS
chr22-41964348-G-A	ENSR00000672906	IGR	0.3741	gain	2.552000045776367	1	SEPTIN3	SEPTIN3	5326	2.26	ENSG00000224883	18100		1.02	False	False	0	0		AMBIGUOUS
chr3-3705293-A-G	LOC100130207	Intron	-0.2144	loss	4.559999942779541	0	ENSG00000223727	ENSG00000223727	77881	2.69	ENSG00000223727	77881	1.286	1.85	True	True	0	0		AMBIGUOUS
chr3-28056942-G-T	LINC01967	Intron	-0.3205	loss	8.795999526977539	0	LINC01967	LINC01967	2269	11.61	LINC01967	2269		2.26	True	True	0	0		HOST-CONFIRMED
chr3-42654894-T-A	ZBTB47	Intron	-0.2187	loss	5.810999870300293	0	ZBTB47-AS1	ZBTB47	510	1.0	ZBTB47	510		1.0	True	False	0	0		HOST-CONFIRMED
chr3-43273596-C-G	Unknown	IGR	0.2108	gain	4.043000221252441	0	SNRK	SNRK	12945	2.6	SNRK	12945		1.89	True	True	1	1	1.22583e-06	TRIANGULATED
chr3-62558742-G-T	CADPS	Intron	-0.3457	loss	6.993000030517578	0	FEZF2	FEZF2	184411	1.05	C3orf14	239720	4.083	1.04	False	False	0	0		LOOP-ONLY
chr3-142987272-C-G	PAQR9-AS1	Intron	-0.1843	loss	2.7279999256134033	0	ENSG00000268129	ENSG00000268129	14301	1.39	U2SURP	22683	0.841	1.0	False	False	0	0		AMBIGUOUS
chr3-172153482-C-G	FNDC3B	Intron	-0.2594	loss	5.7870001792907715	1	FNDC3B	GHSR	295047	1.14	TMEM212-AS1	252660	1.44	1.0	False	False	0	0		AMBIGUOUS
chr3-177516695-T-C	LINC00578	Intron	-0.2379	loss	4.703000068664551	0	LINC00578	LINC00578	74623	1.32	TBL1XR1	288533	1.544	1.02	False	False	0	0		AMBIGUOUS
chr3-181317760-C-T	SOX2-OT	Intron	0.2588	gain	3.538000106811523	0	ENSG00000241231	ENSG00000241231	124850	1.38	ENSG00000239381	382864	4.449	1.68	False	False	0	0		LOOP-ONLY
chr3-182500511-C-T	LINC01995	Intron	-0.2116	loss	3.315000057220459	0	LINC01994	LINC01994	14136	1.37	LINC01994	14136		1.11	True	True	0	0		AMBIGUOUS
chr3-193788591-C-A	LOC105374283	Intron	-0.2298	loss	2.752000093460083	0	ENSG00000286624	ENSG00000286624	16135	1.02	ENSG00000287206	16685	0.974	1.25	False	False	0	0		AMBIGUOUS
chr4-51844771-G-A	DCUN1D4	Intron	-0.3412	loss	8.494000434875488	0	DCUN1D4	DCUN1D4	1824	3.67	DCUN1D4	1824		1.85	True	True	16	2	1.19429e-05	HOST-CONFIRMED
chr4-107375022-A-G	Unknown	IGR	0.1651	gain	2.3329999446868896	0	DKK2	DKK2	91296	1.18	DKK2	91296	0.729	1.09	True	True	0	0		AMBIGUOUS
chr4-129096366-T-G	C4orf33	Intron	0.2205	gain	3.052000045776367	0	SCLT1	SCLT1	2640	1.0	SCLT1	2640		1.0	True	True	42	2	3.29355e-07	TRIANGULATED
chr4-158775606-C-T	FNIP2	Intron	-0.2347	loss	2.743000030517578	0	FNIP2	FNIP2	6435	2.48	FNIP2	6435		2.13	True	True	73	3	5.03869e-08	HOST-CONFIRMED
chr5-10233678-G-T	ATPSCKMT	Intron	-0.3485	loss	4.816999912261963	0	ENSG00000248968	ENSG00000272417	29652	1.15	ENSG00000272417	29652	0.639	1.04	True	False	0	0		AMBIGUOUS
chr5-16849958-C-T	MYO10	Intron	-0.2212	loss	6.906000137329102	0	MYO10	MYO10	86299	1.26	MYO10	86299	1.582	1.36	True	True	0	0		HOST-CONFIRMED
chr5-51186086-C-T	ENSR00000754297	IGR	0.2188	gain	5.7230000495910645	0	ISL1-DT	ENSG00000251125	265086	1.34	ENSG00000251125	265086	0.986	1.1	True	False	0	0		AMBIGUOUS
chr5-54543565-G-T	SNX18	3'UTR	-0.2062	loss	4.941999912261963	0	SNX18	SNX18	25856	2.43	SNX18	25856	1.094	2.19	True	True	38	4	9.01776e-09	HOST-CONFIRMED
chr5-90191204-T-C	LINC01339	Intron	-0.6189	loss	2.3329999446868896	0	LINC01339	ENSG00000214942	290728	1.02	LINC01339	98686	0.806	1.06	False	True	0	0		AMBIGUOUS
chr5-104965230-C-T	ENST00000503650	Intron	-0.2565	loss	4.579999923706055	0	ENSG00000253776	ENSG00000253584	281130	1.1	ENSG00000253584	281130	0.94	1.48	True	False	0	0		AMBIGUOUS
chr5-108101414-C-A	FBXL17	Intron	-0.1917	loss	5.7729997634887695	0	FBXL17	ENSG00000249959	384447	1.39	FBXL17	280810	0.98	1.0	False	True	0	0		AMBIGUOUS
chr5-166596273-C-T	ENSR00000776601	IGR	-0.3367	loss	4.942999839782715	0	LINC01947	ENSG00000254171	467733	2.22	ENSG00000254171	467733	1.673	2.89	True	False	0	0		AMBIGUOUS
chr6-14450208-G-C	LOC101928331	Intron	-0.2172	loss	2.575999975204468	0	ENSG00000286277	ENSG00000286277	18413	1.99	ENSG00000286277	18413	1.217	2.29	True	True	0	0		AMBIGUOUS
chr6-55869069-G-T	BMP5	Intron	-0.463	loss	2.299000024795532	0	BMP5	BMP5	6584	3.27	BMP5	6584		1.56	True	True	0	0		HOST-CONFIRMED
chr6-75155185-C-T	COL12A1	Intron	0.2202	gain	2.507999897003174	0	COL12A1	COL12A1	51215	1.62	COL12A1	51215	0.668	1.97	True	True	0	0		HOST-CONFIRMED
chr6-88367693-G-A	LOC105377885	Intron	-0.508	loss	2.3540000915527344	0	ENSG00000286871	ENSG00000286871	10630	3.1	ENSG00000286871	10630		1.93	True	True	0	0		AMBIGUOUS
chr6-90369368-G-A	Unknown	IGR	-0.1626	loss	2.4040000438690186	0	ENSG00000289988	ENSG00000289988	6905	8.89	ENSG00000289988	6905		1.81	True	True	0	0		AMBIGUOUS
chr6-105474324-C-G	LOC105377921	Intron	-0.4294	loss	3.5	0	PREP	PREP	20226	3.15	PREP	20226	0.894	3.85	True	True	1	1	2.73646e-05	TRIANGULATED
chr6-108157821-T-G	OSTM1-AS1	RNA	-0.4435	loss	6.203999996185303	0	OSTM1	OSTM1	8190	1.01	OSTM1	8190		1.0	True	True	0	0		AMBIGUOUS
chr6-131427523-C-T	LOC105378005	Intron	0.2525	gain	2.9590001106262207	1	ENSG00000290067	ENSG00000290067	16142	1.95	ENSG00000290067	16142	1.04	2.09	True	True	0	0		AMBIGUOUS
chr6-134074536-C-T	ENST00000663785	Intron	-0.4685	loss	3.1059999465942383	0	ENSG00000287413	ENSG00000287413	519	4.01	SLC2A12	22018	1.043	1.12	False	False	0	0		AMBIGUOUS
chr6-141314096-G-T	Unknown	IGR	-0.8601	loss	7.039999961853027	0	ENSG00000286452	ENSG00000286452	88939	1.65	ENSG00000286452	88939	0.666	1.13	True	True	0	0		AMBIGUOUS
chr6-164010768-T-C	LOC105378102	Intron	0.2787	gain	2.2750000953674316	1	ENSG00000286573	ENSG00000286573	50563	1.69	ENSG00000286573	50563	1.222	1.12	True	True	0	0		AMBIGUOUS
chr7-13467363-T-G	LOC107986770	Intron	0.3599	gain	6.3460001945495605	0	ENSG00000237713	ENSG00000237713	102181	4.6	ENSG00000237713	102181	0.498	1.12	True	True	0	0		AMBIGUOUS
chr7-32490375-G-A	LSM5	5'UTR	-0.549	loss	8.352999687194824	0	LSM5	LSM5	5089	1.02	LSM5	5089		1.0	True	True	133	4	6.06556e-09	HOST-CONFIRMED
chr7-37007541-C-G	ELMO1	Intron	-0.3151	loss	5.9770002365112305	1	ELMO1-AS1	ELMO1-AS1	9822	4.61	ELMO1-AS1	9822		3.39	True	True	0	0		AMBIGUOUS
chr7-65038257-A-C	LOC105375330	RNA	-0.4878	loss	4.9730000495910645	0	CCT6P3	CCT6P3	60	6.11	ZNF679	809820	16.193	4.51	False	False	0	0		LOOP-ONLY
chr7-91137381-C-T	CDK14	Intron	-0.1649	loss	6.956999778747559	0	ENSG00000286411	ENSG00000286411	103572	1.05	FZD1	127136	1.839	1.43	False	False	0	0		AMBIGUOUS
chr7-105933219-C-G	CDHR3	Intron	0.3304	gain	4.565999984741211	0	CDHR3	CDHR3	56326	1.0	ENSG00000290116	516227	1.18	1.09	False	False	0	0		AMBIGUOUS
chr7-111735866-G-A	DOCK4	Intron	-0.492	loss	4.96999979019165	0	ENSG00000287011	ENSG00000287011	21208	1.45	ENSG00000287011	21208	0.34	1.22	True	True	0	0		AMBIGUOUS
chr7-114922278-G-A	MDFIC	5'UTR	-0.187	loss	4.50600004196167	0	MDFIC	MDFIC	196	3.65	MDFIC	196		1.95	True	True	0	0		HOST-CONFIRMED
chr7-132677959-G-A	FLJ40288	Intron	-0.2965	loss	3.98799991607666	0	FLJ40288	FLJ40288	29290	1.0	FLJ40288	29290	1.046	1.0	True	True	0	0		HOST-CONFIRMED
chr7-140479383-G-A	MKRN1	5'UTR	-0.1983	loss	4.39900016784668	0	MKRN1	MKRN1	420	8.21	MKRN1	420		1.92	True	True	0	0		HOST-CONFIRMED
chr7-146852964-C-A	CNTNAP2	Intron	-0.2359	loss	3.822000026702881	0	CNTNAP2-AS1	CNTNAP2-AS1	244647	10.21	CNTNAP2	736960	3.246	1.32	False	False	0	0		LOOP-ONLY
chr8-26010397-C-A	EBF2	Intron	0.1825	gain	2.4260001182556152	0	EBF2	EBF2	34999	1.51	EBF2	34999	1.714	1.14	True	True	0	0		HOST-CONFIRMED
chr8-59264408-C-T	Unknown	IGR	-0.2238	loss	4.927000045776367	0	TOX	ENSG00000253260	340210	1.02	TOX	145417	1.863	1.0	False	True	0	0		AMBIGUOUS
chr8-110139082-T-C	ENSR00000865917	IGR	-0.502	loss	6.360000133514404	0	KCNV1	ENSG00000253717	627724	1.12	ENSG00000253717	627724	1.702	1.76	True	False	0	0		AMBIGUOUS
chr8-130749833-G-T	ENSR00000333478	IGR	-1.0727	loss	8.27299976348877	0	ENSG00000253656	ENSG00000253656	94207	1.21	ADCY8	290990	1.54	1.23	False	False	0	0		AMBIGUOUS
chr9-14869139-C-T	FREM1	5'UTR	-0.1932	loss	2.931999921798706	0	FREM1	FREM1	41680	1.06	FREM1	41680	1.142	1.56	True	True	59	5	3.49982e-07	HOST-CONFIRMED
chr9-16626986-G-A	BNC2	Intron	0.348	gain	7.005000114440918	0	ENSG00000230694	ENSG00000230694	1223	13.9	ENSG00000230694	1223		2.5	True	True	0	0		AMBIGUOUS
chr9-16829218-G-A	BNC2	Intron	-0.1935	loss	2.3959999084472656	0	BNC2	BNC2	41727	1.26	BNC2	41727	0.891	1.74	True	True	0	0		HOST-CONFIRMED
chr9-16987210-A-T	ENST00000649137	Intron	-0.1859	loss	2.3399999141693115	0	ENSG00000285169	ENSG00000285169	2476	6.27	ENSG00000285169	2476		2.13	True	True	0	0		AMBIGUOUS
chr9-68396665-A-C	PGM5	Intron	0.3016	gain	2.753000020980835	0	ENSG00000233178	ENSG00000233178	9541	1.91	ENSG00000229019	29884	1.245	1.65	False	False	0	0		AMBIGUOUS
chr9-73689691-G-A	Unknown	IGR	-0.1639	loss	6.999000072479248	0	ENSG00000232590	ENSG00000232590	115858	1.68	ENSG00000232590	115858	1.236	1.83	True	True	0	0		AMBIGUOUS
chr9-108272246-G-A	LOC105376212	Intron	-0.4224	loss	8.661999702453613	0	ENSG00000230030	ENSG00000230030	17314	22.27	ENSG00000230030	17314	0.548	3.41	True	True	0	0		AMBIGUOUS
chr9-125461420-T-C	MAPKAP1	Intron	-0.2617	loss	6.360000133514404	0	ENSG00000287782	ENSG00000287782	35434	2.42	ENSG00000287782	35434	1.007	1.54	True	True	0	0		AMBIGUOUS
chr9-134438332-G-A	RXRA	3'UTR	-0.1953	loss	4.252999782562256	1	ENSG00000223795	ENSG00000223795	67113	1.54	ENSG00000273473	269590	7.277	2.0	False	False	0	0		LOOP-ONLY
chrX-47659161-G-A	UXT	5'UTR	-0.2332	loss	4.681000232696533	0	UXT-AS1	UXT	198	1.01	UXT	198		1.0	True	False	0	0		HOST-CONFIRMED
chrX-100447727-C-T	ENSR00000342434	IGR	-0.4445	loss	4.383999824523926	0	PCDH19	PCDH19	37553	2.37	PCDH19	37553	0.724	1.71	True	True	0	0		AMBIGUOUS
chrX-118216804-T-C	Unknown	IGR	-0.1934	loss	2.700000047683716	0	KLHL13	KLHL13	99313	1.16	KLHL13	99313	1.161	2.52	True	True	0	0		AMBIGUOUS
chrX-124218169-C-G	STAG2	Intron	-0.3676	loss	4.5269999504089355	0	SH2D1A	SH2D1A	9649	1.25	TEX13D	28030	1.105	1.05	False	False	0	0		AMBIGUOUS
chrX-129623064-T-G	ENSR00000914768	IGR	-0.3088	loss	5.170000076293945	0	APLN	APLN	31995	1.32	APLN	31995	0.848	1.07	True	True	1	1	5.58083e-05	TRIANGULATED
chrX-150508637-C-T	MAMLD1	Intron	0.2388	gain	2.690000057220459	0	MTM1	MTM1	59812	1.87	MTM1	59812	1.766	1.22	True	True	0	0		AMBIGUOUS
chrX-153650841-T-C	DUSP9	3'UTR	-0.3483	loss	3.163000106811523	0	DUSP9	DUSP9	8488	3.82	DUSP9	8488		1.98	True	True	0	0		HOST-CONFIRMED
